{
  "project_info": {
    "project_number": "799948635739",
    "project_id": "mymybus",
    "storage_bucket": "mymybus.appspot.com"
  },
  "client": [
    {
      "client_info": {
        "mobilesdk_app_id": "1:799948635739:android:a0ea04407dbce8bfef097e",
        "android_client_info": {
          "package_name": "com.example.mymybus"
        }
      },
      "oauth_client": [
        {
          "client_id": "799948635739-gpurf8mk600okbtv8mmsln9fnnbtni89.apps.googleusercontent.com",
          "client_type": 3
        }
      ],
      "api_key": [
        {
          "current_key": "AIzaSyBV54zH-mF0Vrr_L9MNP8lc0euDYPBr5UU"
        }
      ],
      "services": {
        "appinvite_service": {
          "other_platform_oauth_client": [
            {
              "client_id": "799948635739-gpurf8mk600okbtv8mmsln9fnnbtni89.apps.googleusercontent.com",
              "client_type": 3
            }
          ]
        }
      }
    }
  ],
  "configuration_version": "1"
}